name,phone,zip_code
Grizzly Peak,,94704
Artist & Craftsman Supply,(510) 704-4040,94704
Mizuki Auto,(510) 548-8215,94704
"Whitney Moses, CMT",(510) 459-5647,94609
Patient ID Center,(510) 832-5346,94612
Magnetic Imaging Affiliates,(510) 204-2744,94609
Potliquor,(510) 982-6672,94114
Lazarus Tax Services,,94608
Fourn√©e Bakery,(510) 549-9434,94705
Hapuku Fish Shop,(510) 250-6007,94618
The Yellow Emperor Community Acupuncture Clinic,(510) 227-4028,94705
EvenFlow Plumbing Co.,(510) 562-1363,94610
Mancheno Insurance,(510) 215-7277,94611
The Laundromat,(510) 355-6094,94706
Centro Legal de La Raza,(510) 437-1554,94601
Piedmont Post,(510) 652-2051,94611
Oaklandish Film Festival,,94620
"Lien Luong, MD",,94705
Montclair Branch Library,(510) 482-7810,94611
New Life Community Church,(510) 550-3858,94611
Avia Travel,(800) 950-2842,94710
May's Travel,(510) 832-7128,94607
Off The Grid: The Lot,(415) 339-5888,94607
Royal Auto Repair,(510) 522-2667,94501
Skin by Maisha,(510) 336-9860,94619
Oaksterdam University,(510) 251-1544,94612
Silver Moon Kids,(510) 835-2229,94610
Mack's Gardening Supplies,(510) 351-3900,94577
Symmetry Health Center,(510) 769-0125,94501
US Airport Cab,(510) 302-5000,94606
Washboard V,(925) 285-8954,94501
Archer Bicycle,(510) 681-1141,94612
Swell Bar,(510) 522-6263,94501
Law Office of Jeff D. Hoffman,(510) 451-0290,94607
Dana Cohen Real Estate,(510) 813-0321,94611
Alameda Family Services League Holiday Home Tour,(510) 629-6208,94501
Team Silva BJJ,(510) 263-8700,94501
Downtown Alameda Spring Festival,(510) 523-1392,94501
Assistance League of Santa Clara County,(650) 941-2610,94022
Roadster,(415) 329-5050,94306
Advanced Autowerks,(415) 648-1611,94110
Linden Room,(415) 829-7565,94102
Love Your Face,(415) 529-2368,94133
Bistro Maxine,(650) 323-1815,94301
Cafe Franco,(415) 771-2268,94123
Foggy Daze Delivery Service,(415) 200-7451,94114
Nohr's Auto Brokers,(925) 939-9590,94596
Scion - Toyota Palo Alto,(650) 494-2303,94303
Smart Center San Francisco,(415) 553-4280,94103
"Boyarsky Harvey, DMD",(650) 327-3172,94301
"Allen L Hasse, DDS",(415) 398-4400,94111
Kaiser Permanente Laboratory,(650) 903-2750,94041
Life Line Screening,(866) 895-3361,94105
City College of San Francisco,(415) 239-3000,94112
Simply Perfect Weddings & Events,(408) 462-0898,94086
Maurice Ramirez Photo,(415) 251-3591,94501
European Cobblery,(650) 941-0143,94022
JAKE,(415) 527-7611,94111
Stone Meadow Benefits & Insurance Associates,(650) 419-2403,94061
Gillingham CPA,,94104
VOLT with Krae,(909) 254-3423,94601
Jared The Galleria of Jewelry,(650) 917-9378,94040
Macarons A Go-Go,,94306
SF Garden Supply,(415) 529-2397,94107
Little Vine,(415) 738-2221,94133
Max Fitness Crossfit,(415) 860-3823,94110
Wednesdae,,94109
Bruce Bauer Lumber & Supply,(650) 948-1089,94040
James Yang - Sereno Group,(650) 796-2059,94301
Residence Inn Palo Alto Mountain View,(650) 940-1300,94040
China Visa Service Center,(415) 292-5188,94115
800 We Fix Macs,(650) 813-6161,94306
JC Tree Care & Landscape,(650) 995-7254,94063
Roy's Cleaners,(650) 353-2455,94306
Marsh Manor Cleaners,(650) 367-1849,94063
Ziff & Cohn,(650) 329-0851,94022
Pierce & Shearer LLP,(650) 843-1900,94061
Richard S Kolomejec,(415) 433-7205,94111
Mary M. Leichliter - Resolve,(415) 572-6473,94102
The Latino History Project,(510) 238-3820,94607
Martin de Porres House of Hospitality,(415) 552-0240,94103
Yelp,(415) 908-3801,94105
UCSF Center For Reproductive Health,(415) 353-7475,94115
Whatever Store,(415) 861-9428,94114
Alberto's Night Club,(650) 968-3007,94041
St Anthony Foundation,(415) 241-2600,94102
Pet Food Express,(415) 431-4567,94103
"William Sellman, MD",(510) 521-2300,94501
Bankruptcy Center of John D Raymond,(415) 351-2265,94109
Angel island Immigration Station Foundation,(415) 262-4429,94133
Jeff Salgado - Paragon Real Estate Group,(415) 915-9916,94103
Hartford Street Zen Center,(415) 863-2507,94114
Lao Table,(415) 278-9991,94105
Home Cooking San Francisco,(415) 300-6961,94110
Caltrain Station - Menlo Park,,94025
BTS Translation Services,(415) 668-1121,94121
VIN12,(415) 756-6542,94105
Kokio Republic,,94103